resname1.beadname1,resname2.beadname2,count,mean_distance,std_distance,min_distance,max_distance
ALA.BB,ALA.BB,6,3.821889,0.022232518,3.798041,3.8548117
ALA.BB,ARG.BB,4,3.820651,0.04058818,3.7774177,3.865437
ALA.BB,ASP.BB,1,3.8599725,0.0,3.8599725,3.8599725
ALA.BB,CYS.BB,5,3.8109612,0.022074023,3.7762408,3.8435373
ALA.BB,HIS.BB,2,3.8014903,0.02040732,3.781083,3.8218977
ALA.BB,ILE.BB,17,3.8375819,0.0320828,3.769627,3.8800623
ALA.BB,LEU.BB,8,3.8202477,0.02609487,3.7647574,3.8641152
ALA.BB,LYS.BB,2,3.8579984,0.0054813623,3.8525171,3.8634799
ALA.BB,PHE.BB,4,3.823156,0.009446382,3.8128984,3.8384786
ALA.BB,PRO.BB,1,3.834398,0.0,3.834398,3.834398
ALA.BB,SER.BB,1,3.8407545,0.0,3.8407545,3.8407545
ALA.BB,TRP.BB,1,3.8236759,0.0,3.8236759,3.8236759
ALA.BB,TYR.BB,2,3.8104427,0.0133776665,3.797065,3.8238204
ALA.BB,VAL.BB,4,3.8246691,0.015328766,3.8041437,3.8467898
ARG.BB,ARG.BB,1,3.869327,0.0,3.869327,3.869327
ARG.BB,ARG.SC1,13,2.4775543,0.1332054,2.280217,2.615766
ARG.BB,ARG.SC2,13,5.4387975,0.6302125,3.7019384,6.301369
ARG.BB,ASP.BB,1,3.7645988,0.0,3.7645988,3.7645988
ARG.BB,GLN.BB,2,3.8329182,0.0096844435,3.8232338,3.8426027
ARG.BB,GLU.BB,2,3.79847,0.033355594,3.7651145,3.8318257
ARG.BB,ILE.BB,5,3.821198,0.032794017,3.7790112,3.879149
ARG.BB,LEU.BB,2,3.829465,0.033191085,3.796274,3.862656
ARG.BB,LYS.BB,1,3.8082533,0.0,3.8082533,3.8082533
ARG.BB,PHE.BB,2,3.8487072,0.012938499,3.8357687,3.8616457
ARG.BB,SER.BB,1,3.7607713,0.0,3.7607713,3.7607713
ARG.BB,THR.BB,1,3.8163977,0.0,3.8163977,3.8163977
ARG.BB,TYR.BB,3,3.8218231,0.028391838,3.7947474,3.8610382
ARG.SC1,ARG.SC2,13,3.4294114,0.15576841,3.18268,3.7104032
ASN.BB,ASN.BB,1,3.851352,0.0,3.851352,3.851352
ASN.BB,ASN.SC1,14,2.5739396,0.05203239,2.4821975,2.6477334
ASN.BB,CYS.BB,2,3.829625,0.0033631325,3.8262618,3.832988
ASN.BB,GLN.BB,1,3.8124657,0.0,3.8124657,3.8124657
ASN.BB,GLY.BB,2,3.8145528,0.030572295,3.7839806,3.8451252
ASN.BB,HIS.BB,1,3.848845,0.0,3.848845,3.848845
ASN.BB,ILE.BB,1,3.8583689,0.0,3.8583689,3.8583689
ASN.BB,LEU.BB,2,3.836338,0.0013816357,3.8349564,3.8377197
ASN.BB,LYS.BB,1,3.848853,0.0,3.848853,3.848853
ASN.BB,MET.BB,1,3.7840734,0.0,3.7840734,3.7840734
ASN.BB,PHE.BB,2,3.8474932,0.017362714,3.8301306,3.864856
ASN.BB,PRO.BB,1,3.886633,0.0,3.886633,3.886633
ASN.BB,SER.BB,3,3.8376482,0.0377649,3.7890625,3.8811467
ASN.BB,THR.BB,2,3.8551998,0.015328765,3.8398712,3.8705287
ASN.BB,TRP.BB,1,3.8224845,0.0,3.8224845,3.8224845
ASN.BB,TYR.BB,3,3.8150218,0.00990872,3.8072798,3.829008
ASN.BB,VAL.BB,3,3.8351252,0.011097353,3.820225,3.846843
ASP.BB,ASP.SC1,4,2.6109996,0.018064957,2.5895498,2.6349382
ASP.BB,CYS.BB,1,3.8073895,0.0,3.8073895,3.8073895
ASP.BB,GLU.BB,1,3.8811715,0.0,3.8811715,3.8811715
ASP.BB,ILE.BB,2,3.8106203,0.0031416416,3.8074787,3.813762
ASP.BB,PRO.BB,1,3.8407428,0.0,3.8407428,3.8407428
ASP.BB,VAL.BB,1,3.8719604,0.0,3.8719604,3.8719604
CYS.BB,CYS.SC1,14,2.4034421,0.056218997,2.3192432,2.4994395
CYS.BB,GLY.BB,4,3.8430572,0.051667985,3.7933633,3.9207299
CYS.BB,HIS.BB,1,3.8370552,0.0,3.8370552,3.8370552
CYS.BB,ILE.BB,1,3.8417964,0.0,3.8417964,3.8417964
CYS.BB,LEU.BB,3,3.840002,0.0069828825,3.830146,3.8454635
CYS.BB,PHE.BB,4,3.7962055,0.033029802,3.747025,3.8364704
CYS.BB,PRO.BB,1,3.799831,0.0,3.799831,3.799831
CYS.BB,SER.BB,1,3.8392212,0.0,3.8392212,3.8392212
CYS.BB,TRP.BB,3,3.849397,0.008813338,3.839934,3.8611536
CYS.BB,VAL.BB,2,3.8082414,0.03662443,3.771617,3.8448658
GLN.BB,GLN.SC1,8,3.2959058,0.258628,2.754594,3.47252
GLN.BB,GLY.BB,3,3.8132715,0.039645668,3.7604938,3.8560479
GLN.BB,LEU.BB,3,3.8250697,0.022039384,3.7979512,3.8519347
GLN.BB,LYS.BB,1,3.8705688,0.0,3.8705688,3.8705688
GLN.BB,PRO.BB,1,3.7808154,0.0,3.7808154,3.7808154
GLN.BB,SER.BB,2,3.8535357,0.058101058,3.7954347,3.9116368
GLN.BB,THR.BB,2,3.828866,0.03359437,3.7952716,3.8624604
GLN.BB,VAL.BB,1,3.8560846,0.0,3.8560846,3.8560846
GLU.BB,GLU.SC1,7,2.9755194,0.21839052,2.724805,3.442347
GLU.BB,GLY.BB,3,3.8403823,0.014258624,3.820508,3.8532732
GLU.BB,LEU.BB,2,3.7993822,0.015232325,3.78415,3.8146145
GLU.BB,LYS.BB,2,3.782105,0.057541013,3.724564,3.839646
GLU.BB,PHE.BB,2,3.8699408,0.041965127,3.8279757,3.911906
GLU.BB,VAL.BB,2,3.852439,0.021266222,3.8311727,3.8737051
GLY.BB,HIS.BB,1,3.8266075,0.0,3.8266075,3.8266075
GLY.BB,ILE.BB,2,3.8263707,0.029987812,3.796383,3.8563585
GLY.BB,LEU.BB,6,3.8362982,0.024219383,3.7848911,3.8559701
GLY.BB,LYS.BB,2,3.8383117,0.016047597,3.8222642,3.8543594
GLY.BB,MET.BB,1,3.8166158,0.0,3.8166158,3.8166158
GLY.BB,PHE.BB,1,3.7668846,0.0,3.7668846,3.7668846
GLY.BB,SER.BB,1,3.8520377,0.0,3.8520377,3.8520377
GLY.BB,THR.BB,3,3.820465,0.024604095,3.7856698,3.8379543
GLY.BB,TRP.BB,1,3.8231025,0.0,3.8231025,3.8231025
GLY.BB,VAL.BB,4,3.8064709,0.023214282,3.7766733,3.841509
HIS.BB,HIS.SC1,6,1.9528689,0.039089333,1.8693846,1.984027
HIS.BB,HIS.SC2,6,3.978984,0.111420035,3.8709998,4.158107
HIS.BB,HIS.SC3,6,3.8767445,0.22349508,3.7048073,4.264228
HIS.BB,ILE.BB,1,3.7565682,0.0,3.7565682,3.7565682
HIS.BB,LEU.BB,1,3.8456478,0.0,3.8456478,3.8456478
HIS.BB,SER.BB,3,3.8330996,0.004038482,3.8278582,3.8376849
HIS.BB,THR.BB,1,3.8577971,0.0,3.8577971,3.8577971
HIS.BB,VAL.BB,1,3.8231912,0.0,3.8231912,3.8231912
HIS.SC1,HIS.SC2,6,2.437091,0.030411666,2.4088387,2.4993021
HIS.SC1,HIS.SC3,6,2.3324099,0.021166343,2.300682,2.3565469
HIS.SC2,HIS.SC3,6,1.78541,0.017099462,1.7489941,1.8010306
ILE.BB,ILE.BB,4,3.8136735,0.03048379,3.7836745,3.863478
ILE.BB,ILE.SC1,29,2.327662,0.12800619,1.985265,2.4503906
ILE.BB,LEU.BB,1,3.8838267,0.0,3.8838267,3.8838267
ILE.BB,LYS.BB,1,3.8402846,0.0,3.8402846,3.8402846
ILE.BB,MET.BB,1,3.7848258,0.0,3.7848258,3.7848258
ILE.BB,PHE.BB,4,3.822768,0.027781501,3.7756333,3.8448937
ILE.BB,PRO.BB,3,3.8490436,0.030687837,3.8184977,3.8910153
ILE.BB,SER.BB,2,3.8209357,0.033375144,3.7875605,3.8543108
ILE.BB,THR.BB,3,3.8084834,0.018924557,3.7909632,3.8347647
ILE.BB,TYR.BB,3,3.8186634,0.01652227,3.7956421,3.8336377
ILE.BB,VAL.BB,2,3.841486,0.008305669,3.8331804,3.8497918
LEU.BB,LEU.BB,3,3.8095834,0.010398513,3.79863,3.8235579
LEU.BB,LEU.SC1,36,2.627171,0.050542388,2.5404267,2.738669
LEU.BB,MET.BB,4,3.8265753,0.033874415,3.787258,3.860905
LEU.BB,PHE.BB,4,3.8322031,0.027710533,3.7854202,3.8557215
LEU.BB,PRO.BB,5,3.8379574,0.0074225394,3.823898,3.8447092
LEU.BB,SER.BB,4,3.819893,0.016616095,3.7988696,3.8454287
LEU.BB,THR.BB,3,3.8677175,0.033891287,3.8364263,3.9148047
LEU.BB,TRP.BB,4,3.8450541,0.019481057,3.8159919,3.8670025
LEU.BB,TYR.BB,2,3.826859,0.015442491,3.8114166,3.8423016
LEU.BB,VAL.BB,12,3.8456323,0.028801236,3.7962584,3.890413
LYS.BB,LYS.SC1,6,2.6080587,0.046214107,2.5592017,2.6698463
LYS.BB,LYS.SC2,6,5.7088265,0.062630944,5.626857,5.7973423
LYS.BB,PRO.BB,1,3.8075893,0.0,3.8075893,3.8075893
LYS.BB,SER.BB,1,3.8343832,0.0,3.8343832,3.8343832
LYS.SC1,LYS.SC2,6,3.1717482,0.017513722,3.1456616,3.1957386
MET.BB,MET.SC1,6,3.1398783,0.36076194,2.510319,3.5441968
MET.BB,PRO.BB,2,3.8552346,0.015115857,3.8401186,3.8703504
MET.BB,TYR.BB,2,3.7565553,0.0027172565,3.753838,3.7592726
MET.BB,VAL.BB,1,3.8473537,0.0,3.8473537,3.8473537
PHE.BB,PHE.BB,2,3.8399282,0.00041115287,3.839517,3.8403394
PHE.BB,PHE.SC1,19,2.3467462,0.11662024,2.1949718,2.5544038
PHE.BB,PHE.SC2,19,4.0645185,0.23194014,3.727107,4.4616275
PHE.BB,PHE.SC3,19,4.823648,0.1412543,4.618671,5.0521398
PHE.BB,PRO.BB,2,3.8246083,0.03426349,3.790345,3.858872
PHE.BB,SER.BB,2,3.783277,0.052138686,3.7311382,3.8354156
PHE.BB,THR.BB,3,3.8599555,0.0068274043,3.8504164,3.8660192
PHE.BB,TYR.BB,2,3.8189335,0.015697122,3.8032365,3.8346307
PHE.BB,VAL.BB,2,3.846981,0.011644244,3.835337,3.8586254
PHE.SC1,PHE.SC2,19,2.3151188,0.022271544,2.2671866,2.356152
PHE.SC1,PHE.SC3,19,2.7341714,0.02007294,2.6971276,2.7877665
PHE.SC2,PHE.SC3,19,2.100281,0.0172155,2.0682168,2.132997
PRO.BB,PRO.BB,1,3.8985705,0.0,3.8985705,3.8985705
PRO.BB,PRO.SC1,12,1.8384374,0.024429152,1.8088872,1.8904568
PRO.BB,THR.BB,1,3.8668227,0.0,3.8668227,3.8668227
PRO.BB,VAL.BB,2,3.8767302,0.018375397,3.8583548,3.8951056
SER.BB,SER.BB,2,3.844905,0.010600209,3.8343046,3.855505
SER.BB,SER.SC1,15,1.9640746,0.038011234,1.8834968,2.0311167
SER.BB,THR.BB,2,3.7896085,0.013034463,3.776574,3.8026428
SER.BB,VAL.BB,3,3.8362644,0.01683917,3.8179717,3.8586156
THR.BB,THR.SC1,12,1.9616747,0.032186575,1.8866627,2.0169764
THR.BB,VAL.BB,3,3.8300905,0.012472707,3.8176594,3.8471437
TRP.BB,TRP.SC1,6,2.4493537,0.1814471,2.205382,2.7122152
TRP.BB,TRP.SC2,6,4.1336703,0.06496741,4.061964,4.243111
TRP.BB,TRP.SC3,6,4.7663307,0.5040919,4.227753,5.495279
TRP.BB,TRP.SC4,6,6.0000834,0.36660025,5.6174936,6.540004
TRP.BB,VAL.BB,2,3.7996802,0.04968059,3.7499998,3.849361
TRP.SC1,TRP.SC2,6,2.0912273,0.022697607,2.0630238,2.1261513
TRP.SC1,TRP.SC3,6,2.9410477,0.032473337,2.8858318,2.994551
TRP.SC1,TRP.SC4,6,3.8727224,0.045680057,3.8147101,3.936422
TRP.SC2,TRP.SC3,6,3.3861578,0.03375525,3.3397226,3.4241621
TRP.SC2,TRP.SC4,6,3.00582,0.024262996,2.9752889,3.0459743
TRP.SC3,TRP.SC4,6,2.1087608,0.0150594665,2.0879245,2.1240182
TYR.BB,TYR.SC1,10,2.3315563,0.12948577,2.1751733,2.6104162
TYR.BB,TYR.SC2,10,4.0563684,0.19819741,3.6378481,4.4162908
TYR.BB,TYR.SC3,10,5.462094,0.12186798,5.2631917,5.6590457
TYR.BB,VAL.BB,3,3.830045,0.021206025,3.8000662,3.845736
TYR.SC1,TYR.SC2,10,2.327234,0.01156298,2.31269,2.3490295
TYR.SC1,TYR.SC3,10,3.408115,0.021874035,3.3692744,3.445593
TYR.SC2,TYR.SC3,10,2.343384,0.018622307,2.3183181,2.371246
VAL.BB,VAL.BB,3,3.8310716,0.007772326,3.8210633,3.8400114
VAL.BB,VAL.SC1,27,1.9697441,0.034296423,1.8517191,2.025731
